City_ID,City,Country,Date,Lat,Lng,Max Temp,Humidity,Cloudiness,Wind Speed
0,Nogales,MX,2021-10-10 00:07:25,31.3086,-110.9422,81.48,26,1,14.97
1,Qaqortoq,GL,2021-10-10 00:10:31,60.7167,-46.0333,30.7,54,17,5.41
2,Bluff,NZ,2021-10-10 00:10:31,-46.6,168.3333,64.8,58,62,2.57
3,Namibe,AO,2021-10-10 00:10:32,-15.1961,12.1522,64.13,79,7,3.27
4,Rikitea,PF,2021-10-10 00:10:32,-23.1203,-134.9692,74.5,81,94,17.52
5,Iqaluit,CA,2021-10-10 00:10:13,63.7506,-68.5145,34.7,93,98,4.0
6,Punta Arenas,CL,2021-10-10 00:07:15,-53.15,-70.9167,42.91,87,75,23.02
7,Butaritari,KI,2021-10-10 00:10:33,3.0707,172.7902,81.59,73,92,12.37
8,Darhan,MN,2021-10-10 00:10:33,49.4867,105.9228,33.8,60,1,6.35
9,Kamyshevatskaya,RU,2021-10-10 00:10:34,46.4132,37.9563,52.2,43,99,19.26
10,Harper,LR,2021-10-10 00:09:17,4.375,-7.7169,76.66,90,57,7.61
11,Avarua,CK,2021-10-10 00:05:53,-21.2078,-159.775,78.85,57,40,8.05
12,Warman,CA,2021-10-10 00:10:34,52.3168,-106.5679,63.9,15,65,7.54
13,Nioro,GM,2021-10-10 00:10:35,13.35,-15.75,77.81,86,99,5.44
14,Dikson,RU,2021-10-10 00:07:53,73.5069,80.5464,30.24,58,100,24.38
15,Iskateley,RU,2021-10-10 00:10:35,67.6803,53.1512,31.44,74,93,7.83
16,Codrington,AU,2021-10-10 00:10:36,-38.2667,141.9667,53.22,71,26,12.3
17,Colomi,BO,2021-10-10 00:10:36,-17.35,-65.8667,50.63,82,85,4.29
18,Kaitangata,NZ,2021-10-10 00:10:37,-46.2817,169.8464,57.92,68,3,4.97
19,Atuona,PF,2021-10-10 00:05:54,-9.8,-139.0333,78.1,74,7,17.43
20,Berlevag,NO,2021-10-10 00:09:57,70.8578,29.0864,39.58,92,100,5.7
21,Port Alfred,ZA,2021-10-10 00:10:37,-33.5906,26.891,58.84,76,16,15.64
22,Kununurra,AU,2021-10-10 00:09:00,-15.7667,128.7333,85.98,48,20,4.61
23,Bilibino,RU,2021-10-10 00:10:38,68.0546,166.4372,10.27,94,100,1.43
24,Ushuaia,AR,2021-10-10 00:08:00,-54.8,-68.3,44.26,87,75,25.32
25,San Rafael,AR,2021-10-10 00:10:39,-34.6177,-68.3301,63.61,47,73,4.79
26,Bengkulu,ID,2021-10-10 00:06:22,-3.8004,102.2655,77.16,91,46,3.96
27,Otavi,NA,2021-10-10 00:10:39,-19.65,17.3333,71.49,7,0,14.63
28,Albany,US,2021-10-10 00:09:11,42.6001,-73.9662,61.21,80,100,1.01
29,Vaini,TO,2021-10-10 00:10:40,-21.2,-175.2,78.96,83,40,8.05
30,Grindavik,IS,2021-10-10 00:09:07,63.8424,-22.4338,43.27,87,20,12.66
31,Cherskiy,RU,2021-10-10 00:10:40,68.75,161.3,11.68,95,98,5.77
32,Pilna,RU,2021-10-10 00:10:41,55.5539,45.9219,40.73,70,70,5.5
33,Lavrentiya,RU,2021-10-10 00:10:41,65.5833,-171.0,32.34,74,59,8.34
34,Vila Franca Do Campo,PT,2021-10-10 00:05:44,37.7167,-25.4333,72.19,84,59,9.69
35,Puerto Ayora,EC,2021-10-10 00:10:41,-0.7393,-90.3518,69.55,88,74,5.01
36,Barrow,US,2021-10-10 00:07:20,71.2906,-156.7887,32.02,74,75,9.22
37,Hualmay,PE,2021-10-10 00:10:42,-11.0964,-77.6139,63.64,87,58,10.71
38,Jamestown,US,2021-10-10 00:10:42,42.097,-79.2353,63.99,88,90,8.01
39,Sao Joao Da Barra,BR,2021-10-10 00:10:43,-21.6403,-41.0511,68.43,80,100,9.28
40,Cape Town,ZA,2021-10-10 00:06:00,-33.9258,18.4232,59.11,62,2,8.5
41,Rafai,CF,2021-10-10 00:10:43,4.95,23.9167,70.7,98,100,1.3
42,Corpus Christi,US,2021-10-10 00:06:59,27.8006,-97.3964,82.96,73,20,11.01
43,Byron Bay,AU,2021-10-10 00:06:15,-28.65,153.6167,84.31,55,4,15.95
44,Thompson,CA,2021-10-10 00:08:00,55.7435,-97.8558,47.16,51,1,5.99
45,Angoche,MZ,2021-10-10 00:10:44,-16.2325,39.9086,72.37,76,0,10.47
46,Syracuse,IT,2021-10-10 00:10:45,37.0881,15.2792,63.9,68,23,4.83
47,Murdochville,CA,2021-10-10 00:10:45,48.9583,-65.5006,39.07,82,23,2.1
48,Kapaa,US,2021-10-10 00:05:51,22.0752,-159.319,87.78,68,90,7.0
49,Shingu,JP,2021-10-10 00:10:46,33.7333,135.9833,74.89,89,40,7.56
50,Pevek,RU,2021-10-10 00:10:46,69.7008,170.3133,25.5,93,100,2.91
51,Saint-Philippe,RE,2021-10-10 00:10:47,-21.3585,55.7679,71.19,86,49,13.96
52,Busselton,AU,2021-10-10 00:10:47,-33.65,115.3333,54.05,72,93,7.81
53,Mataura,NZ,2021-10-10 00:07:38,-46.1927,168.8643,64.47,41,26,4.05
54,Genhe,CN,2021-10-10 00:10:48,50.7833,121.5167,35.85,88,100,11.72
55,Wasilla,US,2021-10-10 00:09:56,61.5814,-149.4394,47.28,82,90,3.44
56,Hermanus,ZA,2021-10-10 00:10:48,-34.4187,19.2345,55.9,81,0,11.72
57,Khasan,RU,2021-10-10 00:10:49,42.4308,130.6434,64.9,93,100,7.87
58,Sampit,ID,2021-10-10 00:07:20,-2.5333,112.95,79.32,87,82,1.59
59,Faanui,PF,2021-10-10 00:07:56,-16.4833,-151.75,78.75,70,13,5.97
60,Flin Flon,CA,2021-10-10 00:10:49,54.7682,-101.865,52.03,56,5,6.24
61,Fairbanks,US,2021-10-10 00:10:17,64.8378,-147.7164,39.54,83,75,4.61
62,Carnarvon,AU,2021-10-10 00:10:50,-24.8667,113.6333,69.87,35,0,16.11
63,Hobart,AU,2021-10-10 00:08:16,-42.8794,147.3294,54.1,50,40,5.99
64,New Norfolk,AU,2021-10-10 00:10:50,-42.7826,147.0587,53.74,49,65,5.99
65,Bredasdorp,ZA,2021-10-10 00:10:51,-34.5322,20.0403,51.22,88,1,4.18
66,Kaliua,TZ,2021-10-10 00:10:51,-5.0606,31.7936,74.25,54,67,5.26
67,Hailar,CN,2021-10-10 00:10:51,49.2,119.7,38.43,74,100,21.97
68,Newala,TZ,2021-10-10 00:10:52,-10.9431,39.2787,66.16,82,30,7.61
69,Idil,TR,2021-10-10 00:10:52,37.3411,41.8895,64.67,17,5,5.97
70,Ayan,RU,2021-10-10 00:10:53,56.45,138.1667,43.54,54,58,6.51
71,Tsumeb,NA,2021-10-10 00:10:53,-19.2333,17.7167,77.5,7,2,19.73
72,Qaanaaq,GL,2021-10-10 00:07:35,77.484,-69.3632,28.42,74,100,13.89
73,Livingston,GB,2021-10-10 00:09:11,55.9029,-3.5226,51.85,91,20,8.05
74,Ilulissat,GL,2021-10-10 00:10:54,69.2167,-51.1,30.22,74,75,11.5
75,Mercedes,AR,2021-10-10 00:10:54,-34.6515,-59.4307,60.85,76,2,8.99
76,Apiai,BR,2021-10-10 00:10:54,-24.5094,-48.8425,55.24,100,100,3.29
77,Leningradskiy,RU,2021-10-10 00:10:55,69.3833,178.4167,20.26,94,100,4.25
78,Kavaratti,IN,2021-10-10 00:10:55,10.5669,72.642,82.02,79,79,11.32
79,Shalinskoye,RU,2021-10-10 00:10:56,55.7228,93.7594,40.1,90,100,11.65
80,Nikolskoye,RU,2021-10-10 00:10:56,59.7035,30.7861,50.4,83,99,5.26
81,Yamoussoukro,CI,2021-10-10 00:10:56,6.8206,-5.2767,76.86,94,24,3.31
82,Formosa,AR,2021-10-10 00:10:38,-26.1775,-58.1781,69.78,88,90,9.22
83,Mocuba,MZ,2021-10-10 00:10:57,-16.8392,36.9856,67.17,82,0,2.75
84,Krasnoselkup,RU,2021-10-10 00:10:57,65.7,82.4667,25.93,77,87,13.85
85,Libenge,CD,2021-10-10 00:07:11,3.65,18.6333,72.75,97,100,0.81
86,Port-Cartier,CA,2021-10-10 00:10:58,50.0334,-66.8654,41.76,74,61,0.72
87,Mar Del Plata,AR,2021-10-10 00:09:11,-38.0023,-57.5575,54.12,58,0,1.99
88,Arraial Do Cabo,BR,2021-10-10 00:07:39,-22.9661,-42.0278,67.41,80,100,18.21
89,Flinders,AU,2021-10-10 00:09:09,-34.5833,150.8552,73.8,76,83,5.99
90,Bethel,US,2021-10-10 00:07:40,41.3712,-73.414,62.58,84,75,1.99
91,Tiksi,RU,2021-10-10 00:07:52,71.6872,128.8694,17.49,91,83,2.42
92,Trairi,BR,2021-10-10 00:06:41,-3.2778,-39.2689,79.66,80,62,13.73
93,Bourges,FR,2021-10-10 00:11:00,47.25,2.4167,45.99,79,0,4.36
94,Chuy,UY,2021-10-10 00:11:00,-33.6971,-53.4616,55.85,85,10,8.66
95,Upernavik,GL,2021-10-10 00:08:36,72.7868,-56.1549,33.39,68,99,19.19
96,Yellowknife,CA,2021-10-10 00:11:01,62.456,-114.3525,42.42,100,90,3.44
97,Porto Novo,BJ,2021-10-10 00:11:01,6.4965,2.6036,78.46,88,100,6.15
98,Muros,ES,2021-10-10 00:11:01,42.7762,-9.0603,65.23,68,36,14.63
99,Chokurdakh,RU,2021-10-10 00:06:08,70.6333,147.9167,7.68,96,95,5.35
100,Pangai,TO,2021-10-10 00:11:02,-19.8,-174.35,76.84,77,76,11.48
101,Saldanha,ZA,2021-10-10 00:11:02,-33.0117,17.9442,56.43,79,23,10.6
102,Oksfjord,NO,2021-10-10 00:11:03,70.2396,22.3479,42.87,88,100,7.54
103,Katsuura,JP,2021-10-10 00:11:03,35.1333,140.3,69.91,80,49,3.91
104,Oranjemund,NA,2021-10-10 00:11:04,-28.55,16.4333,57.83,82,5,7.49
105,Klaksvik,FO,2021-10-10 00:06:13,62.2266,-6.589,50.92,86,54,23.42
106,Bani,DO,2021-10-10 00:11:05,18.2833,-70.3333,83.86,80,3,5.59
107,Souillac,MU,2021-10-10 00:11:05,-20.5167,57.5167,72.36,78,34,15.21
108,Amapa,BR,2021-10-10 00:11:05,1.0,-52.0,71.94,95,100,4.21
109,Provideniya,RU,2021-10-10 00:11:06,64.3833,-173.3,32.47,72,26,4.21
110,Boende,CD,2021-10-10 00:11:06,-0.2167,20.8667,72.97,91,68,0.63
111,Evensk,RU,2021-10-10 00:11:07,61.95,159.2333,29.3,56,20,4.25
112,Dunedin,NZ,2021-10-10 00:11:07,-45.8742,170.5036,58.8,68,2,10.0
113,Smithers,CA,2021-10-10 00:11:07,54.7804,-127.1743,45.37,79,76,6.55
114,Necochea,AR,2021-10-10 00:11:08,-38.5473,-58.7368,53.04,76,0,10.94
115,East London,ZA,2021-10-10 00:11:08,-33.0153,27.9116,60.39,69,12,17.83
116,Hasaki,JP,2021-10-10 00:11:09,35.7333,140.8333,70.29,78,28,5.17
117,Severo-Kurilsk,RU,2021-10-10 00:11:09,50.6789,156.125,47.12,72,24,12.12
118,Ponta Do Sol,PT,2021-10-10 00:11:09,32.6667,-17.1,72.23,77,19,4.52
119,Ambilobe,MG,2021-10-10 00:11:10,-13.2,49.05,69.37,72,21,3.8
120,Champerico,GT,2021-10-10 00:11:10,14.3,-91.9167,85.35,81,100,8.01
121,Vysokogornyy,RU,2021-10-10 00:11:11,50.1167,139.15,40.44,92,100,2.68
122,Port Elizabeth,ZA,2021-10-10 00:07:37,-33.918,25.5701,57.09,77,16,11.21
123,Artemisa,CU,2021-10-10 00:11:11,22.814,-82.7561,80.78,81,41,4.29
124,Gulabpura,IN,2021-10-10 00:11:12,25.9,74.6667,76.62,60,0,5.68
125,Nadym,RU,2021-10-10 00:11:12,65.5333,72.5167,27.9,83,15,14.97
126,Vangaindrano,MG,2021-10-10 00:11:12,-23.35,47.6,64.44,86,29,5.01
127,Mahajanga,MG,2021-10-10 00:11:13,-15.7167,46.3167,71.62,64,20,5.75
128,Akodia,IN,2021-10-10 00:11:13,23.3833,76.6,72.28,74,52,4.21
129,Kodiak,US,2021-10-10 00:11:13,57.79,-152.4072,53.11,43,20,19.57
130,Bubaque,GW,2021-10-10 00:11:14,11.2833,-15.8333,82.47,76,66,9.44
131,Tuktoyaktuk,CA,2021-10-10 00:11:14,69.4541,-133.0374,31.91,74,91,5.01
132,Aldan,RU,2021-10-10 00:11:14,58.6031,125.3894,30.81,78,24,7.47
133,Santa Isabel Do Rio Negro,BR,2021-10-10 00:11:15,-0.4139,-65.0192,78.67,82,99,2.33
134,Nome,US,2021-10-10 00:11:15,64.5011,-165.4064,44.17,65,1,8.05
135,Saint-Pierre,RE,2021-10-10 00:11:16,-21.3393,55.4781,71.28,72,90,3.44
136,Macae,BR,2021-10-10 00:11:16,-22.3708,-41.7869,65.57,87,100,7.0
137,Corn Island,NI,2021-10-10 00:11:17,12.1694,-83.0418,82.8,75,49,9.69
138,Mount Gambier,AU,2021-10-10 00:11:17,-37.8333,140.7667,53.58,62,38,9.13
139,Chabahar,IR,2021-10-10 00:11:17,25.2919,60.643,81.86,71,0,3.96
140,Raga,SS,2021-10-10 00:11:18,8.4596,25.678,72.97,74,86,3.29
141,Alekseyevka,RU,2021-10-10 00:11:18,50.6309,38.6903,42.17,55,100,6.76
142,Aripuana,BR,2021-10-10 00:11:19,-9.1667,-60.6333,83.52,56,98,2.28
143,Santa Cruz,BO,2021-10-10 00:11:19,-17.8,-63.1667,78.26,83,75,10.36
144,Sillod,IN,2021-10-10 00:11:20,20.3,75.65,72.52,83,39,5.37
145,Baker City,US,2021-10-10 00:07:12,44.7749,-117.8344,59.59,38,1,0.0
146,Hithadhoo,MV,2021-10-10 00:11:20,-0.6,73.0833,82.56,69,99,10.13
147,Port Keats,AU,2021-10-10 00:11:20,-14.25,129.55,87.31,57,23,8.72
148,Khatanga,RU,2021-10-10 00:11:21,71.9667,102.5,16.32,97,100,0.25
149,Cabo San Lucas,MX,2021-10-10 00:11:21,22.8909,-109.9124,93.51,59,1,1.99
150,Luderitz,NA,2021-10-10 00:11:22,-26.6481,15.1594,63.45,53,84,13.98
151,Inhambane,MZ,2021-10-10 00:11:22,-23.865,35.3833,70.48,82,0,6.13
152,Okha,RU,2021-10-10 00:11:23,53.5739,142.9478,45.48,89,100,13.87
153,Whitehorse,CA,2021-10-10 00:11:23,60.7161,-135.0538,46.31,39,99,18.01
154,Santa Maria,BR,2021-10-10 00:11:24,-29.6842,-53.8069,61.7,93,100,9.6
155,Vestmannaeyjar,IS,2021-10-10 00:11:24,63.4427,-20.2734,45.97,84,98,9.8
156,Nishihara,JP,2021-10-10 00:11:24,26.1842,127.7558,83.48,87,75,18.41
157,Guerrero Negro,MX,2021-10-10 00:11:25,27.9769,-114.0611,72.75,54,2,23.29
158,Seminole,US,2021-10-10 00:11:25,28.7086,-81.2081,80.87,84,1,1.01
159,Ribeira Grande,PT,2021-10-10 00:11:25,38.5167,-28.7,71.31,81,76,21.43
160,Zhigansk,RU,2021-10-10 00:08:45,66.7697,123.3711,32.74,99,100,19.69
161,Kloulklubed,PW,2021-10-10 00:11:26,7.0419,134.2556,83.44,79,89,20.4
162,Vao,NC,2021-10-10 00:11:26,-22.6667,167.4833,70.03,62,50,15.19
163,Merritt,CA,2021-10-10 00:11:26,50.1123,-120.7942,50.45,87,100,6.87
164,Walvis Bay,NA,2021-10-10 00:11:26,-22.9575,14.5053,55.09,79,0,5.1
165,Colombo,LK,2021-10-10 00:11:27,6.9319,79.8478,79.12,87,100,10.02
166,Geraldton,AU,2021-10-10 00:11:27,-28.7667,114.6,59.41,51,0,5.75
167,Cavalcante,BR,2021-10-10 00:11:27,-13.7975,-47.4583,83.62,35,87,1.01
168,Sandwick,GB,2021-10-10 00:11:27,60.0,-1.25,51.62,93,75,12.66
169,Torbay,CA,2021-10-10 00:11:28,47.6666,-52.7314,44.58,85,90,23.02
170,Turukhansk,RU,2021-10-10 00:09:45,65.8167,87.9833,24.12,73,100,16.67
171,Amahai,ID,2021-10-10 00:11:28,-3.3333,128.9167,82.13,78,83,1.36
172,Lock Haven,US,2021-10-10 00:11:28,41.137,-77.4469,64.98,91,100,5.03
173,Touros,BR,2021-10-10 00:11:29,-5.1989,-35.4608,78.75,77,73,15.75
174,Alugan,PH,2021-10-10 00:11:29,12.2188,125.4808,82.38,75,100,17.36
175,Gornopravdinsk,RU,2021-10-10 00:11:30,60.05,69.9,29.95,87,62,6.46
176,Oistins,BB,2021-10-10 00:11:30,13.0667,-59.5333,81.75,76,92,15.64
177,Mahebourg,MU,2021-10-10 00:11:31,-20.4081,57.7,72.25,76,11,16.28
178,Pontes E Lacerda,BR,2021-10-10 00:11:31,-15.2261,-59.3353,84.42,50,80,1.97
179,Choma,ZM,2021-10-10 00:11:31,-16.8065,26.9531,73.56,31,0,1.63
180,Norman Wells,CA,2021-10-10 00:07:34,65.282,-126.8329,32.04,93,75,10.36
181,Barreirinha,BR,2021-10-10 00:11:32,-2.7933,-57.07,83.71,59,94,1.54
182,Oussouye,SN,2021-10-10 00:11:32,12.485,-16.5469,79.77,83,78,4.68
183,Castro,BR,2021-10-10 00:11:33,-24.7911,-50.0119,56.37,99,100,4.38
184,Wajir,KE,2021-10-10 00:11:33,1.7471,40.0573,76.28,66,29,14.63
185,Lazaro Cardenas,MX,2021-10-10 00:08:34,17.9583,-102.2,83.28,79,68,5.44
186,Georgetown,MY,2021-10-10 00:07:44,5.4112,100.3354,79.9,89,20,0.0
187,Goderich,CA,2021-10-10 00:11:34,43.7501,-81.7165,65.21,93,14,11.65
188,Ambatondrazaka,MG,2021-10-10 00:11:34,-17.8333,48.4167,55.51,93,42,3.71
189,Olafsvik,IS,2021-10-10 00:11:35,64.8945,-23.7142,41.31,82,73,12.21
190,Tarko-Sale,RU,2021-10-10 00:08:05,64.9225,77.785,26.74,86,84,15.14
191,Koroni,GR,2021-10-10 00:11:35,36.8,21.95,68.07,70,85,1.72
192,Aklavik,CA,2021-10-10 00:11:36,68.2191,-135.0107,30.58,92,94,7.83
193,Axim,GH,2021-10-10 00:11:36,4.8699,-2.2405,77.77,89,100,8.52
194,Narsaq,GL,2021-10-10 00:11:36,60.9167,-46.05,30.42,46,17,6.29
195,Mount Barker,AU,2021-10-10 00:11:37,-35.0667,138.8667,56.98,69,87,9.22
196,Northam,GB,2021-10-10 00:11:37,51.0333,-4.2167,59.4,96,100,4.63
197,Wardenburg,DE,2021-10-10 00:11:38,53.0667,8.2,44.53,90,99,6.4
198,Mendoza,AR,2021-10-10 00:09:16,-32.8908,-68.8272,63.3,52,96,4.38
199,Uray,RU,2021-10-10 00:11:38,60.1247,64.7758,29.7,78,41,8.12
200,Caravelas,BR,2021-10-10 00:11:38,-17.7125,-39.2481,73.35,75,100,7.81
201,Maragogi,BR,2021-10-10 00:11:39,-9.0122,-35.2225,75.31,77,34,7.72
202,Talnakh,RU,2021-10-10 00:11:39,69.4865,88.3972,16.27,93,51,8.25
203,Evanston,US,2021-10-10 00:11:40,42.0411,-87.6901,76.33,77,75,1.99
204,Castilho,BR,2021-10-10 00:11:40,-20.8722,-51.4875,71.53,95,97,14.29
205,Praia Da Vitoria,PT,2021-10-10 00:11:41,38.7333,-27.0667,70.75,87,69,17.69
206,Port Hardy,CA,2021-10-10 00:11:41,50.6996,-127.4199,48.38,93,75,4.61
207,Adrar,MR,2021-10-10 00:11:41,20.5022,-10.0711,85.44,15,74,9.08
208,Iskele,TR,2021-10-10 00:11:42,39.484,26.9278,62.69,82,40,11.5
209,Sao Filipe,CV,2021-10-10 00:11:42,14.8961,-24.4956,80.28,74,2,7.72
210,Saint George,US,2021-10-10 00:07:36,37.1041,-113.5841,73.63,21,20,5.01
211,Trinidad,BO,2021-10-10 00:11:43,-14.8333,-64.9,85.1,54,40,4.83
212,Ancud,CL,2021-10-10 00:09:17,-41.8697,-73.8203,53.13,92,0,4.47
213,Tilichiki,RU,2021-10-10 00:11:43,60.4667,166.1,30.22,60,25,3.78
214,Tessalit,ML,2021-10-10 00:11:44,20.1986,1.0114,82.92,11,76,7.96
215,Tura,IN,2021-10-10 00:08:02,25.5198,90.2201,72.84,87,1,2.64
216,San Carlos De Bariloche,AR,2021-10-10 00:09:50,-41.1456,-71.3082,53.89,62,0,4.76
217,Mabaruma,GY,2021-10-10 00:11:44,8.2,-59.7833,74.93,98,82,3.44
218,Dabou,CI,2021-10-10 00:11:45,5.3256,-4.3769,80.4,93,88,7.99
219,Lagoa,PT,2021-10-10 00:11:45,39.05,-27.9833,69.64,78,87,22.84
220,Itaituba,BR,2021-10-10 00:11:45,-4.2761,-55.9836,82.71,57,63,1.66
221,Camocim,BR,2021-10-10 00:11:46,-2.9022,-40.8411,79.25,80,70,16.13
222,Alanya,TR,2021-10-10 00:11:47,36.5438,31.9998,62.73,34,0,4.21
223,Saint Anthony,US,2021-10-10 00:09:00,45.0205,-93.218,74.35,70,20,5.01
224,Mandiana,GN,2021-10-10 00:11:47,10.6333,-8.6833,73.78,90,76,1.23
225,Colares,PT,2021-10-10 00:11:48,38.7992,-9.4469,63.59,75,59,3.0
226,Tasiilaq,GL,2021-10-10 00:07:23,65.6145,-37.6368,32.16,78,17,6.78
227,Gamba,GA,2021-10-10 00:08:44,-2.65,10.0,76.59,90,100,8.97
228,Pangnirtung,CA,2021-10-10 00:11:48,66.1451,-65.7125,31.28,90,89,1.72
229,Young,UY,2021-10-10 00:11:49,-32.6833,-57.6333,59.07,84,12,11.3
230,Ust-Nera,RU,2021-10-10 00:11:49,64.5667,143.2,24.13,87,100,7.67
231,Oxapampa,PE,2021-10-10 00:11:50,-10.5775,-75.4017,60.93,97,98,2.48
232,Imeni Poliny Osipenko,RU,2021-10-10 00:11:50,52.4201,136.4853,38.77,92,100,7.11
233,Shenjiamen,CN,2021-10-10 00:11:51,29.9576,122.298,78.1,89,22,8.84
234,Trincomalee,LK,2021-10-10 00:11:51,8.5711,81.2335,80.24,82,82,16.42
235,Hamilton,US,2021-10-10 00:11:52,39.1834,-84.5333,75.36,77,20,1.01
236,Magnolia,US,2021-10-10 00:11:52,33.2671,-93.2393,80.28,61,62,6.24
237,Husavik,IS,2021-10-10 00:11:52,66.0449,-17.3389,38.35,96,100,11.03
238,Ostersund,SE,2021-10-10 00:11:53,63.1792,14.6357,50.45,100,40,2.3
239,Longyearbyen,SJ,2021-10-10 00:07:48,78.2186,15.6401,19.24,79,0,6.91
240,Mandalgovi,MN,2021-10-10 00:11:53,45.7625,106.2708,28.83,63,0,8.7
241,Airai,TL,2021-10-10 00:11:54,-8.9266,125.4092,74.43,27,98,2.66
242,Ahipara,NZ,2021-10-10 00:11:54,-35.1667,173.1667,60.08,64,99,11.45
243,Fortuna,US,2021-10-10 00:11:55,40.5982,-124.1573,70.48,55,3,4.0
244,Matai,TZ,2021-10-10 00:11:55,-8.3,31.5167,65.14,36,84,5.77
245,Hilo,US,2021-10-10 00:11:56,19.7297,-155.09,79.29,83,90,5.75
246,Saskylakh,RU,2021-10-10 00:11:56,71.9167,114.0833,16.3,95,100,1.74
247,Keti Bandar,PK,2021-10-10 00:11:57,24.1447,67.4497,79.41,77,0,11.16
248,Namatanai,PG,2021-10-10 00:11:57,-3.6667,152.4333,84.24,69,66,7.02
249,Bani Walid,LY,2021-10-10 00:11:57,31.7566,13.9942,67.06,79,84,8.19
250,Darnah,LY,2021-10-10 00:11:58,32.767,22.6367,72.59,77,0,3.98
251,Zakamensk,RU,2021-10-10 00:11:58,50.3741,103.2863,28.27,69,1,3.04
252,Paciran,ID,2021-10-10 00:11:58,-6.8767,112.3761,80.94,71,70,8.23
253,Kawalu,ID,2021-10-10 00:11:59,-7.3817,108.2082,74.23,90,86,1.97
254,Zapolyarnyy,RU,2021-10-10 00:11:59,69.4154,30.8136,36.68,98,100,7.02
255,Bara,NG,2021-10-10 00:11:59,10.3744,10.7288,76.14,73,99,3.74
256,Campi Bisenzio,IT,2021-10-10 00:12:00,43.8246,11.1324,57.16,62,20,12.66
257,Sechura,PE,2021-10-10 00:12:00,-5.5569,-80.8222,67.37,77,59,16.46
258,Strezhevoy,RU,2021-10-10 00:12:01,60.7333,77.5889,31.98,81,65,9.57
259,Tautira,PF,2021-10-10 00:09:23,-17.7333,-149.15,84.22,69,24,3.44
260,Santo Antonio Do Leverger,BR,2021-10-10 00:12:02,-15.8656,-56.0767,90.61,39,94,5.3
261,Nemuro,JP,2021-10-10 00:12:02,43.3236,145.575,55.83,83,53,23.69
262,Nedjo,ET,2021-10-10 00:12:03,9.5046,35.5019,58.26,99,100,0.6
263,Csakvar,HU,2021-10-10 00:12:03,47.3918,18.465,48.54,54,58,3.13
264,Tuatapere,NZ,2021-10-10 00:12:04,-46.1333,167.6833,64.81,51,65,4.16
265,Kruisfontein,ZA,2021-10-10 00:12:04,-34.0033,24.7314,54.88,78,4,8.43
266,Gat,IL,2021-10-10 00:12:05,31.61,34.7642,72.39,73,0,5.44
267,Nakhon Si Thammarat,TH,2021-10-10 00:12:05,8.25,100.0,82.2,86,100,6.53
268,Homer,US,2021-10-10 00:12:05,59.6425,-151.5483,48.09,76,75,9.22
269,Port Blair,IN,2021-10-10 00:12:06,11.6667,92.75,79.57,85,99,14.09
270,Loikaw,MM,2021-10-10 00:12:06,19.6742,97.2094,67.48,95,98,2.39
271,Kedrovyy,RU,2021-10-10 00:12:07,56.1667,91.8167,36.01,91,100,8.12
272,Severnyy,RU,2021-10-10 00:12:07,50.677,36.5532,35.64,69,0,6.71
273,Santa Rosa,PH,2021-10-10 00:07:41,14.3122,121.1114,84.11,80,95,6.17
274,Dingle,PH,2021-10-10 00:12:07,10.9995,122.6711,74.21,98,100,5.46
275,Lebu,CL,2021-10-10 00:12:08,-37.6167,-73.65,50.34,93,0,7.9
276,Bealanana,MG,2021-10-10 00:12:08,-14.55,48.7333,56.62,86,68,4.61
277,Tombouctou,ML,2021-10-10 00:12:09,20.0,-3.0,86.9,10,100,7.96
278,Kongolo,CD,2021-10-10 00:12:09,-5.3833,27.0,73.65,80,100,3.96
279,Omsukchan,RU,2021-10-10 00:12:09,62.5333,155.8,20.08,79,46,2.86
280,Hobyo,SO,2021-10-10 00:12:10,5.3505,48.5268,78.19,86,33,12.71
281,Mareeba,AU,2021-10-10 00:12:10,-17.0,145.4333,83.48,57,80,8.63
282,Port-Gentil,GA,2021-10-10 00:09:18,-0.7193,8.7815,77.68,89,100,13.98
283,Fenoarivo Atsinanana,MG,2021-10-10 00:12:11,-17.3667,49.4167,66.43,88,44,5.93
284,Zyryanka,RU,2021-10-10 00:12:11,65.75,150.85,25.07,60,11,13.06
285,Ambanja,MG,2021-10-10 00:10:13,-13.6833,48.45,72.05,89,89,1.68
286,Rio Grande,BR,2021-10-10 00:10:58,-32.035,-52.0986,61.95,77,100,17.94
287,Baruun-Urt,MN,2021-10-10 00:08:40,46.6806,113.2792,30.15,78,6,12.57
288,Arona,ES,2021-10-10 00:12:12,28.0996,-16.681,66.72,69,20,4.61
289,Baiyin,CN,2021-10-10 00:12:12,36.5583,104.2081,37.85,69,100,5.3
290,Ust-Kut,RU,2021-10-10 00:12:13,56.7938,105.7672,41.0,82,100,16.44
291,Verkhnevilyuysk,RU,2021-10-10 00:12:13,63.4453,120.3167,36.07,96,100,10.94
292,Hellvik,NO,2021-10-10 00:12:13,59.9156,5.781,56.28,90,100,13.0
293,Shimoda,JP,2021-10-10 00:07:22,34.6667,138.95,69.91,84,78,8.72
294,Yumen,CN,2021-10-10 00:12:14,40.2833,97.2,33.04,36,0,6.76
295,Embonas,GR,2021-10-10 00:12:14,36.2269,27.8564,68.83,75,0,8.37
296,Anloga,GH,2021-10-10 00:12:15,5.7947,0.8973,79.7,85,94,12.77
297,Lakhdenpokhya,RU,2021-10-10 00:12:15,61.5198,30.1992,50.83,92,95,7.74
298,Trelaze,FR,2021-10-10 00:12:16,47.45,-0.4667,50.88,94,1,1.01
299,Esperance,AU,2021-10-10 00:12:16,-33.8667,121.9,55.74,51,80,4.21
300,Nouadhibou,MR,2021-10-10 00:12:16,20.931,-17.0347,71.67,75,74,21.61
301,Camrose,CA,2021-10-10 00:12:17,53.0168,-112.8353,60.82,18,39,5.37
302,Constitucion,CL,2021-10-10 00:12:17,-35.3333,-72.4167,50.86,90,44,3.49
303,Tacuarembo,UY,2021-10-10 00:12:18,-31.7333,-55.9833,61.09,84,99,13.71
304,Marsh Harbour,BS,2021-10-10 00:12:18,26.5412,-77.0636,82.17,63,92,3.2
305,San Patricio,US,2021-10-10 00:12:18,28.017,-97.5169,82.81,59,0,12.24
306,Richards Bay,ZA,2021-10-10 00:09:17,-28.783,32.0377,66.99,74,100,19.1
307,Naze,JP,2021-10-10 00:07:35,28.3667,129.4833,78.03,74,58,20.49
308,Banda Aceh,ID,2021-10-10 00:12:19,5.5577,95.3222,79.63,81,89,12.57
309,At-Bashi,KG,2021-10-10 00:12:19,41.1702,75.8106,35.31,61,75,5.73
310,Kijang,KR,2021-10-10 00:12:20,35.2442,129.2139,75.18,78,0,2.93
311,Vardo,NO,2021-10-10 00:07:36,70.3705,31.1107,41.65,91,100,6.89
312,Kahului,US,2021-10-10 00:12:20,20.8947,-156.47,79.86,80,40,19.57
313,Ziarat,PK,2021-10-10 00:12:21,30.3823,67.7282,52.88,23,0,6.89
314,Lodwar,KE,2021-10-10 00:12:21,3.1191,35.5973,84.56,47,43,15.64
315,Kaili,ID,2021-10-10 00:12:21,-3.4626,120.2147,73.81,74,100,2.06
316,Vredendal,ZA,2021-10-10 00:12:22,-31.6683,18.5012,56.01,83,16,4.34
317,Aktash,RU,2021-10-10 00:12:11,50.3,87.7333,12.94,81,3,4.76
318,Ostrovnoy,RU,2021-10-10 00:12:22,68.0531,39.5131,39.07,97,100,12.59
319,Guarapari,BR,2021-10-10 00:12:23,-20.6667,-40.4975,67.89,86,100,3.4
320,Sarangani,PH,2021-10-10 00:12:23,5.4033,125.4636,84.18,76,100,17.9
321,Vila Velha,BR,2021-10-10 00:12:23,-20.3297,-40.2925,67.95,88,90,3.44
322,Elizabeth City,US,2021-10-10 00:12:24,36.2946,-76.2511,72.01,91,90,1.99
323,Ratnagiri,IN,2021-10-10 00:12:24,16.9833,73.3,77.61,91,95,5.82
324,Westport,US,2021-10-10 00:12:24,41.1415,-73.3579,64.8,83,90,1.01
325,Gambela,ET,2021-10-10 00:12:25,8.25,34.5833,72.16,95,100,3.89
326,Asmara,ER,2021-10-10 00:12:25,15.3333,38.9333,57.42,84,36,5.32
327,Kibre Mengist,ET,2021-10-10 00:12:26,5.8833,38.9833,61.68,85,100,0.4
328,Zacatlan,MX,2021-10-10 00:12:26,19.9333,-97.9667,59.97,95,48,3.85
329,San Ignacio,BZ,2021-10-10 00:12:27,17.1561,-89.0714,79.05,80,93,3.22
330,Pisco,PE,2021-10-10 00:12:27,-13.7,-76.2167,64.02,82,0,13.8
331,Cidreira,BR,2021-10-10 00:12:27,-30.1811,-50.2056,63.88,88,100,19.15
332,Moindou,NC,2021-10-10 00:12:28,-21.6924,165.677,80.55,50,0,8.84
333,Khujner,IN,2021-10-10 00:12:28,23.7833,76.6,73.26,73,58,5.12
334,Komsomolskiy,UZ,2021-10-10 00:09:17,40.4272,71.7189,45.82,62,100,5.39
335,La Maddalena,IT,2021-10-10 00:12:28,41.2142,9.4083,64.45,61,43,28.99
336,La Ronge,CA,2021-10-10 00:12:29,55.1001,-105.2842,51.66,35,84,5.08
337,Havoysund,NO,2021-10-10 00:12:29,70.9963,24.6622,41.88,94,100,5.21
338,Vanimo,PG,2021-10-10 00:12:30,-2.6741,141.3028,85.14,70,34,5.73
339,Ewa Beach,US,2021-10-10 00:07:52,21.3156,-158.0072,82.35,60,90,17.27
340,Tambura,SS,2021-10-10 00:12:30,5.6,27.4667,70.34,96,99,1.9
341,Donskoye,RU,2021-10-10 00:12:30,45.4552,41.9741,44.71,67,100,16.53
342,Beringovskiy,RU,2021-10-10 00:12:17,63.05,179.3167,30.72,95,100,6.44
343,Swift Current,CA,2021-10-10 00:12:31,50.2834,-107.8014,62.22,39,49,6.53
344,Svarstad,NO,2021-10-10 00:12:31,59.399,9.9698,54.09,56,57,4.0
345,Alenquer,BR,2021-10-10 00:12:32,-1.9417,-54.7383,77.34,59,44,4.0
346,Ninghai,CN,2021-10-10 00:12:32,29.2892,121.4247,79.74,88,68,2.95
347,Yulara,AU,2021-10-10 00:12:32,-25.2406,130.9889,64.24,59,75,18.41
348,Kathu,TH,2021-10-10 00:09:33,7.9178,98.3332,83.7,97,97,18.07
349,Impfondo,CG,2021-10-10 00:12:33,1.6381,18.0667,72.48,95,98,2.13
350,Alofi,NU,2021-10-10 00:12:33,-19.0595,-169.9187,78.19,77,98,8.9
351,Parana,AR,2021-10-10 00:12:34,-31.732,-60.5238,69.57,56,0,10.78
352,Sangar,RU,2021-10-10 00:12:34,63.9242,127.4739,30.51,97,100,10.47
353,Poum,NC,2021-10-10 00:12:34,-20.2333,164.0167,74.43,64,8,8.41
354,Honningsvag,NO,2021-10-10 00:12:35,70.9821,25.9704,43.99,90,100,6.87
355,Yangjiang,CN,2021-10-10 00:12:35,21.85,111.9667,80.94,90,100,21.94
356,Perth,AU,2021-10-10 00:11:42,-31.9333,115.8333,58.08,62,97,11.5
357,Kheri,IN,2021-10-10 00:12:36,27.9,80.8,71.73,72,0,1.19
358,College,US,2021-10-10 00:12:36,64.8569,-147.8028,39.52,84,75,4.61
359,Soyo,AO,2021-10-10 00:12:36,-6.1349,12.3689,75.33,86,72,8.3
360,Pochutla,MX,2021-10-10 00:12:37,15.7432,-96.4661,75.6,91,97,5.86
361,Aron,IN,2021-10-10 00:12:37,24.3833,77.4167,72.46,65,33,5.64
362,Kavieng,PG,2021-10-10 00:12:38,-2.5744,150.7967,83.53,71,83,8.84
363,Tomelloso,ES,2021-10-10 00:12:38,39.1522,-3.0243,60.51,71,91,8.05
364,Yinchuan,CN,2021-10-10 00:12:38,38.4681,106.2731,45.48,39,100,5.08
365,Kropotkin,RU,2021-10-10 00:12:39,45.4375,40.5756,48.38,66,97,16.42
366,Najran,SA,2021-10-10 00:12:39,17.4924,44.1277,71.24,41,7,3.89
367,Columbia,US,2021-10-10 00:07:49,34.0007,-81.0348,72.88,78,1,1.01
368,Bogande,BF,2021-10-10 00:12:39,12.9714,-0.1436,88.36,41,64,5.39
369,Jumla,NP,2021-10-10 00:12:40,29.2747,82.1838,49.86,76,3,4.81
370,Bandiagara,ML,2021-10-10 00:12:40,14.3501,-3.6104,86.43,17,31,6.87
371,Morganton,US,2021-10-10 00:12:41,35.7454,-81.6848,67.84,94,1,1.99
372,Natal,BR,2021-10-10 00:07:42,-5.795,-35.2094,78.08,77,34,11.9
373,Daugavpils,LV,2021-10-10 00:12:41,55.8833,26.5333,37.62,76,30,3.06
374,Saint-Augustin,CA,2021-10-10 00:12:41,51.226,-58.6502,43.05,58,20,6.15
375,Haines Junction,CA,2021-10-10 00:12:42,60.7522,-137.5108,38.91,81,100,5.35
376,Bagh,IN,2021-10-10 00:12:42,22.3667,74.7667,76.44,76,96,6.85
377,Cap-Aux-Meules,CA,2021-10-10 00:12:42,47.3821,-61.8597,50.04,62,3,9.89
378,South Lake Tahoe,US,2021-10-10 00:10:05,38.9332,-119.9844,57.09,34,1,0.0
379,Camacha,PT,2021-10-10 00:12:43,33.0833,-16.3333,69.22,64,40,11.5
380,Gondar,ET,2021-10-10 00:12:43,12.6,37.4667,56.03,89,94,3.22
381,Kholmogory,RU,2021-10-10 00:12:44,64.2229,41.656,37.51,95,97,4.63
382,Teya,RU,2021-10-10 00:12:44,60.3778,92.6267,32.09,89,100,12.59
383,Khash,IR,2021-10-10 00:12:45,28.2211,61.2158,58.33,31,0,5.55
384,Lokosovo,RU,2021-10-10 00:12:45,61.1333,74.8167,29.05,82,69,7.65
385,Manggar,ID,2021-10-10 00:12:46,-2.8833,108.2667,83.46,73,52,8.52
386,Suratgarh,IN,2021-10-10 00:12:46,29.3167,73.9,85.69,28,0,7.85
387,Elat,IL,2021-10-10 00:12:47,29.5581,34.9482,75.33,66,0,7.54
388,Porto Belo,BR,2021-10-10 00:12:47,-27.1578,-48.5531,68.16,85,100,9.75
389,Korla,CN,2021-10-10 00:12:48,41.7597,86.1469,43.75,46,4,1.3
390,Comodoro Rivadavia,AR,2021-10-10 00:12:48,-45.8667,-67.5,57.06,54,0,3.44
391,Grand Gaube,MU,2021-10-10 00:12:48,-20.0064,57.6608,72.37,74,1,8.01
392,La Palma,US,2021-10-10 00:12:49,33.8464,-118.0467,80.65,51,1,4.0
393,Dustlik,UZ,2021-10-10 00:12:49,40.5247,68.0358,46.36,33,96,7.11
394,Kerman,IR,2021-10-10 00:12:50,30.2832,57.0788,57.78,39,0,5.91
395,Mae Ramat,TH,2021-10-10 00:12:50,16.984,98.5166,75.31,99,100,1.16
396,Muhos,FI,2021-10-10 00:12:50,64.808,25.9931,51.58,98,100,7.4
397,Sevierville,US,2021-10-10 00:12:51,35.8681,-83.5618,71.83,84,1,0.0
398,Novobirilyussy,RU,2021-10-10 00:12:51,56.9514,90.6661,36.99,86,100,7.52
399,Cravo Norte,CO,2021-10-10 00:12:51,6.3017,-70.2041,80.37,79,94,3.51
400,Sorong,ID,2021-10-10 00:12:52,-0.8833,131.25,81.61,84,60,6.35
401,Brae,GB,2021-10-10 00:10:43,60.3964,-1.353,51.71,91,74,14.16
402,Cockburn Town,TC,2021-10-10 00:08:06,21.4612,-71.1419,82.36,69,40,8.05
403,Rundu,NA,2021-10-10 00:12:52,-17.9333,19.7667,73.27,13,41,4.81
404,Noshiro,JP,2021-10-10 00:12:53,40.2039,140.0242,68.23,69,69,8.66
405,Benguela,AO,2021-10-10 00:12:53,-12.5763,13.4055,72.61,77,44,1.66
406,Clyde River,CA,2021-10-10 00:10:09,70.4692,-68.5914,33.87,76,100,7.65
407,South Sioux City,US,2021-10-10 00:12:54,42.4739,-96.4136,73.0,63,1,4.0
408,New Glasgow,CA,2021-10-10 00:12:54,45.5834,-62.6486,50.79,76,4,3.02
409,Wenatchee,US,2021-10-10 00:08:34,47.4235,-120.3103,63.41,47,75,1.01
410,Boyuibe,BO,2021-10-10 00:12:54,-20.4167,-63.2833,65.95,93,92,8.66
411,Opelika,US,2021-10-10 00:12:36,32.6454,-85.3783,73.27,82,1,0.0
412,Mirnyy,RU,2021-10-10 00:08:20,62.5353,113.9611,34.79,96,100,13.09
413,Kwidzyn,PL,2021-10-10 00:12:55,53.7249,18.9311,38.26,86,62,5.26
414,Fukue,JP,2021-10-10 00:12:55,32.6881,128.8419,78.26,75,0,11.92
415,Riyadh,SA,2021-10-10 00:11:40,24.6877,46.7219,73.54,18,1,3.27
416,Isangel,VU,2021-10-10 00:08:18,-19.55,169.2667,76.33,63,37,15.59
417,Vostok,RU,2021-10-10 00:08:23,46.4856,135.8833,44.67,98,100,4.97
418,Salta,AR,2021-10-10 00:12:56,-24.7859,-65.4117,65.57,62,86,3.0
419,Kulhudhuffushi,MV,2021-10-10 00:12:57,6.6221,73.07,82.67,79,61,16.31
420,Kirakira,SB,2021-10-10 00:10:03,-10.4544,161.9205,82.63,77,73,2.95
421,Los Llanos De Aridane,ES,2021-10-10 00:09:31,28.6585,-17.9182,67.75,86,40,9.22
422,Kuytun,RU,2021-10-10 00:12:58,54.3419,101.5036,36.03,66,95,5.64
423,Coquimbo,CL,2021-10-10 00:12:58,-29.9533,-71.3436,56.93,71,0,8.05
424,Roros,NO,2021-10-10 00:12:58,62.5747,11.3842,49.84,87,40,3.44
425,Ust-Barguzin,RU,2021-10-10 00:12:58,53.45,108.9833,37.87,83,85,8.01
426,Bathsheba,BB,2021-10-10 00:12:59,13.2167,-59.5167,81.23,79,95,13.56
427,Chaumont-Gistoux,BE,2021-10-10 00:13:00,50.6775,4.7212,48.74,96,48,1.14
428,Kumbo,CM,2021-10-10 00:13:00,6.2,10.6667,61.65,88,92,2.68
429,Pathein,MM,2021-10-10 00:13:00,16.7833,94.7333,76.96,92,94,0.43
430,Mega,ET,2021-10-10 00:13:01,4.05,38.3,61.83,78,69,14.41
431,Brownsville,US,2021-10-10 00:13:01,25.9018,-97.4975,85.08,71,1,3.0
432,Straumen,NO,2021-10-10 00:13:02,63.8709,11.2999,54.63,98,100,1.48
433,Havre-Saint-Pierre,CA,2021-10-10 00:08:36,50.2334,-63.5986,45.32,63,72,5.64
434,Dawei,MM,2021-10-10 00:13:03,14.0833,98.2,76.37,95,100,2.33
435,Yendi,GH,2021-10-10 00:13:03,9.4427,-0.0099,78.01,82,96,4.54
436,Kysyl-Syr,RU,2021-10-10 00:13:04,63.8986,122.7617,34.63,97,100,11.52
437,Tamandare,BR,2021-10-10 00:13:04,-8.7597,-35.1047,75.2,79,48,6.98
438,Khandyga,RU,2021-10-10 00:13:04,62.6667,135.6,33.89,88,100,7.96
439,Portarlington,IE,2021-10-10 00:13:06,53.1622,-7.1911,54.86,95,4,4.5
440,Biltine,TD,2021-10-10 00:13:06,14.5333,20.9167,83.98,17,100,9.48
441,Popondetta,PG,2021-10-10 00:13:07,-8.7537,148.2534,80.47,76,98,1.83
442,Umm Kaddadah,SD,2021-10-10 00:13:07,13.6017,26.6876,84.16,14,95,11.25
443,Hervey Bay,AU,2021-10-10 00:11:43,-25.2986,152.8535,81.03,67,6,9.98
444,Cortez,US,2021-10-10 00:13:08,37.3489,-108.5859,63.52,41,1,12.66
445,Te Anau,NZ,2021-10-10 00:09:28,-45.4167,167.7167,59.14,59,57,5.17
446,Anuradhapura,LK,2021-10-10 00:13:08,8.3565,80.4173,76.48,91,100,7.65
447,Acari,PE,2021-10-10 00:13:08,-15.4311,-74.6158,66.61,84,75,5.84
448,Seoul,KR,2021-10-10 00:13:09,37.5683,126.9778,74.68,76,85,5.44
449,Thessalon,CA,2021-10-10 00:13:09,46.2501,-83.5666,64.89,91,100,5.84
450,Piacabucu,BR,2021-10-10 00:09:57,-10.4056,-36.4344,75.43,78,29,8.05
451,Kuryk,KZ,2021-10-10 00:13:10,43.2,51.65,49.19,35,3,6.85
452,Taoudenni,ML,2021-10-10 00:09:12,22.6783,-3.9836,91.29,10,91,6.42
453,Lyambir,RU,2021-10-10 00:13:10,54.2817,45.1249,37.62,78,28,4.43
454,Nhulunbuy,AU,2021-10-10 00:09:59,-12.2333,136.7667,84.81,70,75,13.8
455,Vilyuysk,RU,2021-10-10 00:13:11,63.7553,121.6247,35.31,97,100,11.95
456,Huai Yot,TH,2021-10-10 00:13:11,7.7893,99.6348,77.47,90,100,6.04
457,Rocha,UY,2021-10-10 00:13:12,-34.4833,-54.3333,50.47,94,1,5.88
458,Berbera,SO,2021-10-10 00:13:12,10.4396,45.0143,87.15,68,66,3.49
459,Pacific Grove,US,2021-10-10 00:13:13,36.6177,-121.9166,76.6,72,1,5.99
460,Deputatskiy,RU,2021-10-10 00:13:13,69.3,139.9,19.85,82,100,4.03
461,Lovozero,RU,2021-10-10 00:13:13,68.005,35.0117,38.91,95,100,2.57
462,San Joaquin,US,2021-10-10 00:13:14,37.9333,-121.3011,76.15,35,1,10.36
463,Neyshabur,IR,2021-10-10 00:13:14,36.2133,58.7958,42.67,46,0,0.4
464,Ojinaga,MX,2021-10-10 00:13:14,29.5667,-104.4167,97.75,11,1,5.75
465,Sola,VU,2021-10-10 00:10:58,-13.8833,167.55,78.8,83,52,21.14
466,Freeport,US,2021-10-10 00:12:28,40.6576,-73.5832,66.25,73,90,8.01
467,Mbaiki,CF,2021-10-10 00:13:15,3.8678,17.9892,70.88,99,100,0.65
468,Ngunguru,NZ,2021-10-10 00:13:15,-35.6167,174.5,67.15,64,72,14.34
469,Labuhan,ID,2021-10-10 00:13:16,-6.8844,112.2051,81.32,70,75,10.04
470,Kiruna,SE,2021-10-10 00:13:16,67.8557,20.2251,43.72,100,90,12.66
471,Bermejo,AR,2021-10-10 00:13:17,-32.8833,-68.8,64.11,49,95,4.59
472,Hofn,IS,2021-10-10 00:13:17,64.2539,-15.2082,45.9,93,100,4.63
473,Asau,RO,2021-10-10 00:13:17,46.4333,26.4,39.76,80,12,4.34
474,Mecca,SA,2021-10-10 00:13:18,21.4267,39.8261,85.64,51,20,3.2
475,Kiunga,PG,2021-10-10 00:13:18,-6.1219,141.2906,73.98,98,100,0.45
476,Salalah,OM,2021-10-10 00:13:19,17.0151,54.0924,80.69,78,20,3.44
477,Grand Baie,MU,2021-10-10 00:13:19,-20.0182,57.5802,72.45,74,1,8.01
478,Xudat,AZ,2021-10-10 00:13:19,41.631,48.681,51.48,75,30,4.41
479,Harnai,PK,2021-10-10 00:13:20,30.1005,67.9374,75.13,14,0,6.55
480,Jalingo,NG,2021-10-10 00:13:20,8.8833,11.3667,74.66,93,100,3.33
481,Conde,BR,2021-10-10 00:13:20,-7.2597,-34.9075,74.66,83,20,5.75
482,Hvide Sande,DK,2021-10-10 00:13:21,56.0045,8.1294,44.1,71,60,13.04
483,Ciudad Bolivar,VE,2021-10-10 00:13:21,8.1222,-63.5497,83.17,69,100,5.7
484,Bolobo,CD,2021-10-10 00:13:21,-2.1667,16.2333,73.62,94,100,2.68
485,Fasa,IR,2021-10-10 00:13:22,28.9383,53.6482,67.75,25,0,6.93
486,Igarka,RU,2021-10-10 00:13:22,67.4667,86.5833,24.21,80,95,18.32
487,Markova,UA,2021-10-10 00:13:22,48.6758,24.4138,33.75,65,39,3.51
488,Sarmanovo,RU,2021-10-10 00:13:23,55.2553,52.5891,47.08,83,100,6.15
489,Oktyabrskiy,RU,2021-10-10 00:13:23,54.4815,53.471,43.83,84,99,3.74
490,Namwala,ZM,2021-10-10 00:13:24,-15.7504,26.4384,76.8,30,2,4.21
491,Kieta,PG,2021-10-10 00:13:24,-6.2167,155.6333,84.47,70,43,5.44
492,Aksarka,RU,2021-10-10 00:13:24,66.5606,67.7975,28.22,72,24,13.27
493,Sitio Novo Do Tocantins,BR,2021-10-10 00:13:25,-5.5183,-47.4611,81.43,62,100,3.44
494,Kankaanpaa,FI,2021-10-10 00:13:26,61.8,22.4167,52.56,95,100,7.54
495,Atambua,ID,2021-10-10 00:13:27,-9.1061,124.8925,82.72,45,62,0.98
496,Padang,ID,2021-10-10 00:13:27,-0.9492,100.3543,75.25,86,47,2.66
497,Batsfjord,NO,2021-10-10 00:13:27,70.6345,29.7185,39.43,94,100,4.74
498,Isla Vista,US,2021-10-10 00:10:50,34.4133,-119.861,77.07,47,1,5.75
499,Egvekinot,RU,2021-10-10 00:13:28,66.3167,-179.1667,20.95,82,100,3.76
500,Dornoch,GB,2021-10-10 00:13:28,57.8805,-4.0288,50.05,95,35,9.62
501,Bermeo,ES,2021-10-10 00:13:29,43.4209,-2.7215,60.69,82,47,4.72
502,Coihaique,CL,2021-10-10 00:13:29,-45.5752,-72.0662,51.75,66,20,3.44
503,Bambous Virieux,MU,2021-10-10 00:13:29,-20.3428,57.7575,72.21,76,8,16.17
504,Lopatyn,UA,2021-10-10 00:13:30,50.2202,24.8483,36.14,60,2,7.25
505,Kaduqli,SD,2021-10-10 00:13:30,11.0167,29.7167,76.33,41,34,2.08
506,Broken Hill,AU,2021-10-10 00:13:30,-31.95,141.4333,52.95,83,100,16.49
507,Oruro,BO,2021-10-10 00:13:31,-17.9833,-67.15,45.91,76,90,9.89
508,Machado,BR,2021-10-10 00:13:31,-21.6747,-45.9197,66.56,93,85,5.79
509,Guane,CU,2021-10-10 00:13:31,22.2025,-84.0875,78.13,85,37,4.56
510,Kajaani,FI,2021-10-10 00:13:32,64.2273,27.7285,48.25,100,90,6.91
511,Perry,US,2021-10-10 00:13:32,37.2506,-83.1999,73.54,75,1,2.91
512,Gimbi,ET,2021-10-10 00:13:33,9.1667,35.8333,55.26,98,99,2.06
513,Ambulu,ID,2021-10-10 00:13:33,-8.345,113.6058,78.69,77,87,2.66
514,Matara,LK,2021-10-10 00:13:34,5.9485,80.5353,79.02,88,100,10.85
515,Vilcun,CL,2021-10-10 00:13:34,-38.65,-72.2333,54.34,94,0,1.92
516,Half Moon Bay,US,2021-10-10 00:13:34,37.4636,-122.4286,77.23,54,1,1.01
517,Yuxia,CN,2021-10-10 00:13:35,34.0615,108.6291,46.27,91,100,4.52
518,Alekseyevsk,RU,2021-10-10 00:13:35,57.8406,108.3492,39.9,89,100,18.03
519,Iralaya,HN,2021-10-10 00:13:35,15.0,-83.2333,82.49,83,22,6.69
520,Nanding,CN,2021-10-10 00:13:36,36.7483,118.0558,61.0,66,100,10.22
521,Raudeberg,NO,2021-10-10 00:13:36,61.9875,5.1352,58.19,91,100,11.01
522,Bilma,NE,2021-10-10 00:13:36,18.6853,12.9164,81.61,17,1,5.32
523,Quatre Cocos,MU,2021-10-10 00:13:37,-20.2078,57.7625,72.09,77,9,16.17
524,Yining,CN,2021-10-10 00:13:37,29.0361,114.5636,69.62,95,100,3.06
525,Acajutla,SV,2021-10-10 00:13:38,13.5928,-89.8275,80.64,83,100,6.62
526,Cayenne,GF,2021-10-10 00:13:38,4.9333,-52.3333,83.08,82,100,1.99
527,Sur,OM,2021-10-10 00:13:38,22.5667,59.5289,82.56,50,6,6.71
528,Gucheng,CN,2021-10-10 00:13:39,35.9115,111.3192,53.01,51,100,2.68
529,Riviere-Du-Loup,CA,2021-10-10 00:13:39,47.8304,-69.5342,48.15,83,44,2.75
530,Eureka,US,2021-10-10 00:10:42,40.8021,-124.1637,70.75,67,3,5.99
531,Sale,MA,2021-10-10 00:13:40,34.0389,-6.8166,69.64,100,40,0.0
532,Kushima,JP,2021-10-10 00:13:40,31.4583,131.2333,78.78,73,91,10.76
533,Navalmoral De La Mata,ES,2021-10-10 00:13:41,39.8916,-5.5406,66.96,49,95,4.03
534,The Pas,CA,2021-10-10 00:13:41,53.8251,-101.2541,53.96,51,0,9.82
535,Weyburn,CA,2021-10-10 00:13:41,49.6668,-103.8511,57.18,47,76,2.73
536,Ulaangom,MN,2021-10-10 00:13:42,49.9811,92.0667,30.99,58,0,3.71
537,Chimore,BO,2021-10-10 00:13:42,-16.9833,-65.1333,79.52,73,100,2.75
538,Peniche,PT,2021-10-10 00:13:42,39.3558,-9.3811,63.88,92,60,7.9
539,Hami,CN,2021-10-10 00:13:43,42.8,93.45,41.61,35,0,5.39
540,Langarud,IR,2021-10-10 00:13:43,37.197,50.1535,57.45,85,94,2.91
541,Bardiyah,LY,2021-10-10 00:13:44,31.7561,25.0865,74.01,51,0,6.15
542,Majene,ID,2021-10-10 00:13:44,-3.5403,118.9707,80.69,80,100,8.61
543,Sabha,LY,2021-10-10 00:13:44,27.0377,14.4283,75.72,15,0,10.0
544,Svetlogorsk,BY,2021-10-10 00:13:45,52.6333,29.7333,36.32,80,0,3.33
545,Amuntai,ID,2021-10-10 00:13:45,-2.4177,115.2494,81.3,76,87,2.1
546,Menongue,AO,2021-10-10 00:13:45,-14.6585,17.691,71.28,37,74,2.55
547,Erzin,TR,2021-10-10 00:13:46,36.9559,36.2,69.01,31,0,3.0
548,Mana,GF,2021-10-10 00:13:46,5.6592,-53.7767,81.82,81,100,12.12
549,Surt,LY,2021-10-10 00:13:47,31.2089,16.5887,75.69,77,52,14.56
550,Sande,DE,2021-10-10 00:13:47,53.5049,8.0142,47.01,72,78,7.7
551,Malysheva,RU,2021-10-10 00:13:48,57.1185,61.4035,39.18,90,93,4.81
552,Novopokrovka,UA,2021-10-10 00:13:48,49.8425,36.5477,44.29,45,100,8.57
